{"cameraMode":{"drawMode":0,"name":"Shaded","section":"Shading Mode"},"sceneLighting":true,"audioPlay":false,"sceneViewState":{"m_AlwaysRefresh":false,"showFog":true,"showSkybox":true,"showFlares":true,"showImageEffects":true,"showParticleSystems":true,"showVisualEffectGraphs":true,"m_FxEnabled":true},"in2DMode":false,"pivot":{"x":19.916927337646486,"y":5.0385026931762699,"z":14.56723403930664},"rotation":{"x":-0.3507150411605835,"y":-0.03396892175078392,"z":0.009860641323029995,"w":-0.9365658164024353},"size":0.8660253882408142,"orthographic":false}