{"cameraMode":{"drawMode":0,"name":"Shaded","section":"Shading Mode"},"sceneLighting":true,"audioPlay":false,"sceneViewState":{"m_AlwaysRefresh":false,"showFog":true,"showSkybox":true,"showFlares":true,"showImageEffects":true,"showParticleSystems":true,"showVisualEffectGraphs":true,"m_FxEnabled":true},"in2DMode":false,"pivot":{"x":0.6079800128936768,"y":0.8500000238418579,"z":0.23924994468688966},"rotation":{"x":-0.10576099902391434,"y":0.6844258308410645,"z":-0.10134831815958023,"w":-0.7142242789268494},"size":10.449999809265137,"orthographic":false}